#,city,name,website,confidence,reason
1,Ahmedabad,Aashka Hospitals Ltd.,http://www.aashkahospitals.in/,high,"The hospital provides critical care, neuro-rehabilitation services, and comprehensive medical services, indicating a focus on post-operative recovery and rehabilitation."
2,Ahmedabad,Ashoka Critical Care Services LLP co.,,medium,"The name suggests a focus on critical care services, which aligns with post-hospital care."
3,Ahmedabad,Aurum Cancer Care,https://aurumcancercare.com/,medium,"The name suggests a focus on cancer care, which may involve post-operative recovery and rehabilitation."
4,Ahmedabad,Gujarat Critical care,http://gujaratcriticalcare.com/,high,"The facility specializes in advanced critical care, ICU management, and recovery for critically ill patients."
5,Ahmedabad,NEUROKALP,http://www.neurokalp.com/,medium,The content suggests a focus on neurological conditions and recovery after surgery.
6,Ahmedabad,Sankalan Neuro Rehabilitation Kendra,,high,"The name indicates a focus on neuro rehabilitation, which aligns with post-hospital care for neurological conditions."
7,Bangalore,24/7 Critical Care & ICU Services in Bengaluru - Fortis Hospitals,https://www.fortishealthcare.com/,high,"The name indicates critical care and ICU services, which align with post-operative and critical illness care."
8,Bangalore,ARC Palliative Care,https://www.arcpalliativecare.com/,high,The name 'Palliative Care' indicates a focus on end-of-life care and support for patients with serious illnesses.
9,Bangalore,Avanta Healthcare Rehabilitation Center | Pre & Post Operative Care | Home Nursing | Geriatric Care | Rehab in Bangalore,https://www.avantahealthcare.com/,high,"The business provides post-operative care and rehabilitation services, which align with post-hospital care."
10,Bangalore,DGS Stroke Rehabilitation Center,https://dgsstrokerehab.com/,high,"The name indicates a focus on rehabilitation specifically for stroke patients, which aligns with post-hospital care."
11,Bangalore,Dwitiya Life Care- Girinagar,http://www.dwitiyalifecare.com/,high,The business specializes in personalized rehabilitation services and palliative care for individuals recovering from medical or surgical illnesses.
12,Bangalore,End Life Care,https://www.endlifecare.com/,high,The name 'End Life Care' suggests a focus on palliative or end-of-life care services.
13,Bangalore,Hejje | Stroke & Neuro Rehab – Best-in-Class Transition Care Centre in Bangalore for Inpatient Recovery,https://hejje.health/,high,"The business focuses on stroke and neuro rehabilitation, indicating it provides post-operative recovery and transition care."
14,Bangalore,ICU Bangalore,http://www.icubangalore.com/,medium,The name 'ICU Bangalore' suggests a focus on critical care and post-operative recovery.
15,Bangalore,"KITES I Premium Senior Care Center I Assisted Inpatient Rehabilitation, Palliative & Dementia Care for Seniors, HBR Layout",http://www.kitesseniorcare.com/,high,"The business provides assisted inpatient rehabilitation and palliative care, which aligns with post-hospital care services."
16,Bangalore,Kshema Hospice & Rehabilitation Centre,https://www.kshemahealth.in/,high,The facility provides rehabilitation and palliative care services for individuals recovering from serious health conditions.
17,Bangalore,MY REHAB CARE,http://www.myrehabcare.in/,high,"The business focuses on recovery support after illness or injury, indicating post-operative and rehabilitation care."
18,Bangalore,New Hope Halfway Convalescent Home,,high,The term 'Convalescent Home' indicates a facility for recovery after hospitalization.
19,Bangalore,Physiotattva Neuro Rehabilitation Centre | Kanakapura Road,https://www.physiotattva.com/physiotherapy-clinic/neuro-rehabilitation-in-kanakapura-road?utm_source=google&utm_medium=GMB&utm_campaign=neurorehab_centre_kanakapura_road,high,"The business specializes in neuro-rehabilitation for individuals recovering from neurological conditions, which aligns with post-hospital care services."
20,Bangalore,ReAble Neuro Rehabilitation,https://reable.in/neuro-rehabilitation-near-me/bangalore/,high,"The business focuses on neuro rehabilitation for patients recovering from neurological conditions, including stroke and paralysis."
21,Bangalore,Rehabilitation Centres In Bangalore,http://kalpavrukshabangalore.com/,high,"The business focuses on post-hospital rehabilitation specifically for stroke recovery, involving multidisciplinary therapies."
22,Bangalore,"STRIDE Rehab Care, JP Nagar",http://www.striderehabcare.in/,high,"The business focuses on providing care and support for recovery after illness or injury, indicating a post-hospital care service."
23,Bangalore,"Sukino Manyata Hebbal - Stroke and Neuro Inpatient Rehabilitation & Recovery Center | Paralysis, Dementia, Alzheimer's Rehab",https://www.sukino.com/,high,"The business focuses on stroke and neuro rehabilitation, which fits the criteria for post-hospital care."
24,Bangalore,Walk Again - Advanced Neuro Robotic Rehabilitation Centre,https://www.walkagainrehab.com/,high,"The facility focuses on advanced neuro-rehabilitation for patients recovering from neurological conditions, which aligns with post-hospital care."
25,Chandigarh,Cerebro-Spinal Neuro Rehab Centre (CSNR) Best Neuro rehab in Chandigarh,,high,"The name indicates a focus on neuro rehabilitation, which aligns with post-hospital care for neurological conditions."
26,Chandigarh,Chandigarh Spinal Rehab,http://chandigarhspinalrehab.com/,high,"The facility specializes in rehabilitation for spinal cord injuries and neurological conditions, which aligns with post-hospital care."
27,Chandigarh,Stroke Rehabilitation Center Zirakpur,,high,"The name indicates a focus on rehabilitation specifically for stroke patients, which aligns with post-hospital care."
28,Chennai,AMOL HEALTH RESOURCE CENTER,https://amolhealth.in/,high,"The business specializes in stroke rehabilitation and recovery from surgeries, which aligns with post-hospital care services."
29,Chennai,Bright Life Recovery Centre,https://brightliferehab.com/,medium,"The name suggests a focus on recovery, which aligns with post-operative or rehabilitation care."
30,Chennai,Cardiac Wellness Institute,https://cardiacwellnessinstitute.com/,high,"The business focuses on cardiac rehabilitation for recovery after heart-related procedures, fitting the criteria for post-hospital care."
31,Chennai,Hamsa Rehab,https://www.hamsarehab.com/?utm_source=googlemaps,high,"The business specializes in rehabilitation services for recovery from injuries, surgeries, and neurological conditions."
32,Chennai,Miracle Vision Care & Neuro Vision Rehabilitation Centre.,,medium,"The name suggests a focus on neuro rehabilitation, which aligns with post-hospital care."
33,Chennai,New Chance Foundation | Rehabilitation centre Chennai,,medium,"The name suggests a focus on rehabilitation, which aligns with post-operative recovery and care."
34,Chennai,"ReAble Neuro Rehabilitation, Chennai",https://reable.in/neuro-rehabilitation-near-me/chennai/,high,"The business focuses on neuro rehabilitation for patients recovering from neurological conditions, including stroke and paralysis."
35,Chennai,Stroke Survivors Ekkattuthangal,,medium,"The name suggests a focus on care for stroke survivors, which aligns with post-hospital rehabilitation."
36,Delhi,24/7 Critical Care & ICU Services in New Delhi - Fortis Hospitals,https://www.fortishealthcare.com/,high,"The name indicates critical care and ICU services, which align with post-operative and critical illness care."
37,Delhi,Advance Critical Care,https://advancecriticalcare.com/,high,The name 'Advance Critical Care' suggests a focus on critical illness and post-operative recovery.
38,Delhi,Critical Care Unit,,high,The name 'Critical Care Unit' suggests a focus on post-operative recovery and critical illness care.
39,Delhi,Global Intensive Care,https://www.globalintensivecare.in/,medium,"The name suggests a focus on intensive care, which aligns with post-operative and critical care services."
40,Delhi,"Indian Stroke and Paralysis Care Centre, Sukhbir Nagar, Delhi",http://ispfindia.org/,high,"The name indicates a focus on stroke and paralysis care, which aligns with post-operative recovery and rehabilitation."
41,Delhi,Kusum Spine and Neuro Rehabilitation,https://ksnr.org.in/,high,"The business focuses on neurological rehabilitation for conditions like stroke and spinal cord injuries, which aligns with post-hospital care."
42,Delhi,MEDIGLOBAL LIFE,https://themediglobal.com/,high,"The business provides inpatient and post-discharge advice and intervention, indicating a focus on post-operative recovery and care."
43,Delhi,Mission Walk,https://missionwalk.rehab/about,high,"The facility specializes in rehabilitation for neurologically disabled patients, including those recovering from strokes and brain injuries."
44,Delhi,Porvoo Transition Care,https://porvootransitioncare.com/,high,The facility provides critical care and post-operative recovery services with 24/7 medical supervision.
45,Faridabad,24/7 Critical Care & ICU Services in Faridabad - Fortis Hospitals,https://www.fortishealthcare.com/,high,"The name indicates critical care and ICU services, which align with post-operative and critical illness care."
46,Greater Noida,24/7 Critical Care & ICU Services in Greater Noida - Fortis Hospitals,https://www.fortishealthcare.com/,high,"The name indicates critical care and ICU services, which align with post-operative and critical illness care."
47,Greater Noida,Patient Critical Care Unit,https://www.patientcritical.in/,high,"The name suggests a focus on critical care for patients, indicating post-operative or critical illness support."
48,Gurgaon,Ishwar HealthCare – Best Affordable ICU Care in NCR,http://ishwarhealth.com/,medium,The mention of 'ICU Care' suggests a focus on critical illness and post-operative recovery.
49,Gurgaon,Mission walk,http://www.missionwalk.rehab/,high,"The business focuses on rehabilitation for neurological conditions such as stroke, Parkinson's, and traumatic brain injuries."
50,Gurgaon,QA Virtual Health Care,https://www.qavirtualhealth.com/,high,"The business provides transitional care and critical care services, including remote ICU management and assisted living."
51,Hyderabad,9 Hospice Health Care,,high,"The name 'Hospice' indicates a focus on end-of-life care, which aligns with Post-Hospital Care."
52,Hyderabad,Anatta Rehabilitation Centre Hyderabad,https://anatta.in/rehabilitation-centre-in-hyderabad/?utm_source=Google_my_business&utm_medium=Link_click&utm_campaign=Maps,medium,"The name suggests a focus on rehabilitation, which may imply post-operative or neurological care."
53,Hyderabad,Anurag Rehabilitation Centre,http://www.anuragrehabilitation.com/,high,The center specializes in rehabilitation for neurological conditions and provides both inpatient and outpatient care.
54,Hyderabad,Apokos rehab secunderabad,http://www.apokosrehab.com/,high,"The business focuses on comprehensive rehabilitation for neurological conditions, including stroke and traumatic brain injury."
55,Hyderabad,"Brinnova Rehabilitation Centre - Banjara Hills, Hyderabad",https://www.brinnovacare.com/?utm_source=Google&utm_medium=GMB&utm_campaign=organic,high,"The facility provides transitional care and rehabilitation for patients recovering from critical illnesses, including long-term ICU services."
56,Hyderabad,CARE CONVOY Rehabilitation Centre,https://careconvoy.in/,high,"The facility offers rehabilitation services for recovery after surgery, injury, or illness, along with transitional care."
57,Hyderabad,CNR Crystal Neuro Rehabilitation,http://crystalneurorehab.com/,high,"The facility specializes in neuro-rehabilitation for post-surgical and ICU patients, focusing on recovery and functional improvement."
58,Hyderabad,Cassia Care,http://www.cassiacare.in/,high,"The business provides comprehensive palliative care and post-operative care at home, focusing on medical and emotional support for patients."
59,Hyderabad,Cure Rehab Private Limited,https://curerehabpvtltd.in/,high,"The business provides rehabilitation services including post-surgery and neurorehabilitation, which align with post-hospital care."
60,Hyderabad,Gaman Rehabilitation Gachibowli,https://www.gamanrehab.com/,high,"The facility provides comprehensive rehabilitation services for neurological recovery, post-surgery recovery, and specialized care for complex medical needs."
61,Hyderabad,Green Life rehabilitation centre and old age home,https://www.greenrehablife.com/,high,"The facility provides post-surgical care and transitional care, which are key components of post-hospital care."
62,Hyderabad,Hitha Rehabilitation & Physiotherapy Centre,http://www.hithahealth.com/,high,The facility provides rehabilitation and nursing care for patients recovering from neurological conditions and post-operative care.
63,Hyderabad,"Iyashi Clinics | Surgical & Wellness Center in Madhapur, Hyderabad",https://iyashiclinics.com/,high,The facility focuses on day care surgeries and wellness therapies designed for fast recovery and same-day discharge.
64,Hyderabad,Kiran Rehab Centre,https://www.kiranrehabcentre.com/,high,"The facility provides specialized rehabilitation services for recovery from physical injuries and illnesses, including critical care and support for post-surgical patients."
65,Hyderabad,Metrocure Rehabilitation Centre - Brain stroke | Paralysis | Bed ridden patients care in Malakpet,https://metrocurerehabilitationhospital.com/,high,"The business focuses on rehabilitation for brain stroke, paralysis, and bedridden patients, indicating post-operative and critical care."
66,Hyderabad,Mission WALK - Manikonda,http://www.missionwalk.rehab/,high,"The business focuses on rehabilitation for neurological conditions such as stroke, Parkinson's, and traumatic brain injuries."
67,Hyderabad,Neehar Neuro Center,http://www.neeharneuro.com/,high,"The business specializes in the diagnosis and treatment of neurological conditions, including post-stroke care and other critical neurological disorders."
68,Hyderabad,"PP Reddy Rehabilitation Centre in Hyderabad || Stroke Rehab, Neuro, Post Operative Care Centre & Paralysis Recovery Centre",https://www.ppreddyrehabcare.com/,high,"The business focuses on stroke rehabilitation, neuro care, and post-operative recovery."
69,Hyderabad,Pain Relief and Palliative Care Society,http://palliativecarepartners.in/,high,"The name suggests a focus on palliative care, which aligns with post-hospital care services."
70,Hyderabad,Raksha Health Care - Somajiguda | Stroke Rehabilitation Center Hyderabad | Neuro Care | Paralysis Rehab & Recovery Center,https://rakshahealthcarecentre.com/,high,"The facility provides specialized rehabilitation services for neuro, cardiac, and orthopedic conditions, indicating post-operative and critical care support."
71,Hyderabad,ReAble Neuro Rehabilitation: Hyderabad,https://reable.in/neuro-rehabilitation-near-me/hyderabad/?utm_source=gmb,high,"The business focuses on neuro rehabilitation for patients recovering from neurological conditions, including stroke and paralysis."
72,Hyderabad,TEJUS Rehabilitation Centre,https://tejusrehabs.com/,high,The facility provides acute inpatient rehabilitation services with a focus on recovery and medical supervision.
73,Hyderabad,UCCHVAS Rehabilitation Center - Banjara Hills,http://www.ucchvas.com/,high,The facility provides personalized post-hospitalization care and rehabilitation services for recovery.
74,Hyderabad,Veritas Hospitals and Rehabilitation Center,https://veritashospitals.com/,high,The facility provides specialized post-operative rehabilitation and comprehensive care for various medical conditions.
75,Jaipur,BONE & BRAIN PHYSIOTHERAPY CLINIC | Advanced Spine & Paralysis Centre- Shastri Nagar- Jaipur,http://www.boneandbrainphysiotherapyclinic.com/index.php,high,"The clinic specializes in neuro rehabilitation for conditions like stroke, paralysis, and other neurological disorders."
76,Kochi,KITES Senior Care,https://kitesseniorcare.com/,high,"The business provides post-surgery rehabilitation, palliative care, and dementia care specifically for seniors."
77,Kochi,SREEPOORNATHRAYEESA PALIATIVE CARE,,high,"The name indicates a focus on palliative care, which aligns with post-hospital care services."
78,Kochi,Signature AgedCare (Assisted Living),http://www.signaturefoundation.com/,high,"The facility provides round-the-clock nursing care, rehabilitation, and palliative care for elderly and terminally ill residents."
79,Kochi,Sukino Inpatient Rehabilitation Centre | Vytilla,http://sukino.com/,high,"The name indicates a focus on inpatient rehabilitation, which aligns with post-operative recovery and rehabilitation services."
80,Kochi,Thanal - Palliative Care,,high,The name 'Palliative Care' indicates a focus on end-of-life care and support for patients with serious illnesses.
81,Kochi,Thanal Pain & Palliative Clinic,,high,"The name indicates a focus on palliative care, which aligns with post-hospital care services."
82,Kochi,"Thanal pain and palliative care,Kochi",,high,"The name indicates a focus on pain and palliative care, which aligns with post-hospital care services."
83,Kolkata,24/7 Critical Care & ICU Services in Kolkata - Fortis Hospitals,https://www.fortishealthcare.com/,high,"The name indicates critical care and ICU services, which align with post-operative and critical illness care."
84,Kolkata,Anatta Rehabilitation Centre Kolkata,https://anatta.in/rehab-in-kolkata/?utm_source=Google_My_Business_Kolkata&utm_medium=link_click&utm_campaign=GMB,medium,"The name suggests a focus on rehabilitation, which may imply post-operative or neurological care."
85,Kolkata,City Creek Post Acute,http://citycreekpostacute.com/,high,"The name suggests a focus on post-acute care, indicating services for recovery after hospitalization."
86,Kolkata,D. S. Research Centre,http://www.dsresearchcentre.com/,high,"The center provides focused care and support for cancer patients, which aligns with post-operative and palliative care."
87,Kolkata,"Medical Rehabilitation Center | Physiotherapy, Pain & Paralysis Treatment Clinic in Kolkata",https://rehabindia.org/,high,"The center focuses on rehabilitation for paralysis, stroke, and other neurological conditions, which aligns with post-hospital care."
88,Kolkata,Park Neurosciences Service,http://parkneuroscienceservices.com/,medium,"The name suggests a focus on neurological services, which aligns with post-hospital care."
89,Kolkata,Pine Creek Rehabilitation and Nursing,http://pinecreekrehab.com/,high,The facility provides skilled nursing and rehabilitation services focused on post-surgery recovery and long-term care.
90,Mumbai,Critical Medical Care Center in Thane,https://prime.horizonhospital.com/our-departments/emergency-critical-care/,medium,"The name suggests a focus on critical medical care, which aligns with post-operative and critical illness care."
91,Mumbai,House of Doctors | Multispeciality Healthcare Center,https://www.houseofdoctors.in/?utm_source=gmb,high,The business provides post-surgery care and assists patients in their recovery after surgical procedures.
92,Mumbai,Jeevanti Hyperbaric Oxygen Therapy (HBOT),https://jeevantihbot.com/,high,The business provides Hyperbaric Oxygen Therapy for post-surgical recovery and healing of non-healing wounds.
93,Mumbai,Mauli Sparsh Old age Nursing Home I Stroke I Dementia I Paralysis I Bedridden I Rehabilitation I Palliative Care,,high,"The business provides services related to stroke, dementia, paralysis, bedridden care, rehabilitation, and palliative care."
94,Mumbai,Midway - Home,http://midway-home.com/,high,The facility provides intensive rehabilitation and nursing care for patients recovering from serious conditions like strokes and spinal cord injuries.
95,Mumbai,Prana Hyperbaric Oxygen Therapy Centre,https://hbot.in/,high,The business focuses on recovery and support for neurological conditions and post-surgical rehabilitation through Hyperbaric Oxygen Therapy.
96,Mumbai,"ReAble Neuro Rehabilitation, Mumbai",https://reable.in/neuro-rehabilitation-near-me/mumbai/,high,"The business focuses on neuro rehabilitation for patients recovering from neurological conditions, including stroke and paralysis."
97,Mumbai,SK Raheja Rehabilitation Centre & Para Plegic Inst,,medium,"The name suggests a focus on rehabilitation, which may involve post-operative or neurological care."
98,Mumbai,Surgify Hassle Free,https://www.surgify.in/,high,The business focuses on post-surgery care and assistance for patients after hospital discharge.
99,Mumbai,Swasth Sankalp,https://swasthsankalp.com/,high,"The facility specializes in rehabilitation for paralysis and neurological conditions, indicating post-operative and recovery care."
100,Mumbai,TULIP HEALTH POST,,medium,The name suggests a focus on post-hospital care services.
101,Mumbai,"Trupti Patients Health Care Services Best :caregiver,dementia care, nursing care services.",,medium,The mention of dementia care and nursing care services suggests a focus on post-operative or critical care.
102,Mumbai,Uhapo,https://www.uhapo.co.in/,high,"The business provides palliative care and rehabilitation support for cancer patients, which aligns with post-hospital care services."
103,Noida,Hommacare,http://www.hommacare.com/,high,The business provides ICU-level critical care and monitoring for patients recovering at home after hospital discharge.
104,Noida,NeuroTrack Advance Neuro Rehabilitation Centre,http://neurotrackadvancerehab.in/,high,"The business focuses on neuro rehabilitation, which aligns with post-operative recovery and rehabilitation for neurological conditions."
105,Pune,""" STROKE MASTERS "" DR. SHAIKHADAM HAKIM'S SPECIALITY PARALYSIS CLINIC & REHABILITATION CENTRE",,high,"The name indicates a focus on stroke rehabilitation and paralysis care, which aligns with post-hospital recovery services."
106,Pune,ARPIT - ProCCD: Center For Complex Disorders,https://proccd.com/arpitpune/,high,"The facility focuses on rehabilitation for complex disorders such as paralysis and stroke, indicating post-operative recovery and critical care."
107,Pune,Asha Rehabilitation Center,https://asharehab.org/,high,"The center offers comprehensive rehabilitation services tailored to individual recovery needs, indicating a focus on post-operative and critical care rehabilitation."
108,Pune,Discharge care,,medium,The name 'Discharge care' suggests a focus on care after hospital discharge.
109,Pune,EASE AND SUPPORT - Palliative and Pain treatment in Pune | Dr.Priyadarshini Kulkarni,,high,"The business focuses on palliative and pain treatment, which aligns with post-hospital care services."
110,Pune,ENHANCE Head Neck Rehabilitation,https://ehnrin.com/?utm_source=gmb&utm_medium=website-link,high,"The business focuses on rehabilitation for patients with head and neck issues, including those recovering from cancer surgery and trauma."
111,Pune,Metaxis Neuromechanics,http://www.metaxisneuro.com/,high,"The business specializes in neurorehabilitation for conditions like stroke and Parkinson's, which aligns with post-operative recovery and rehabilitation."
112,Pune,Nakshatra Care & Rehabilitation Centre,https://nakshatracarecentre.com/,high,"The facility provides post-hospitalization and post-surgery care, as well as care for chronic diseases."
113,Pune,Neuro physician in Wakad Pune| Best Neurologist in Wakad Pune| NCV EEG EMG Neurologist Test In Wakad Pune- Dr Patil,https://www.neurologistpune.com/,medium,"The business provides specialized care for neurological conditions, including Alzheimer's, which aligns with post-hospital care services."
114,Pune,"PRAMILA HEALTHCARE SYSTEMS Palliative care centre, Bedridden patients care, best dementia care, paralysis recovery center l.",https://pramilahealthcare.in/,high,"The business focuses on palliative care, bedridden patient care, and dementia care, which aligns with post-hospital care services."
115,Pune,Samarth Palliative Care & Recovery Centre,,high,"The name indicates a focus on palliative care and recovery, which aligns with post-hospital care services."
116,Pune,Sanctus Healthcare Pvt ltd,http://www.sanctushealthcare.com/,high,"The facility provides long-term medical and nursing care, rehabilitation support, and palliative care for patients who cannot be supported at home or in hospitals."
117,Pune,SynapCare Rehabilitation Center,https://www.synapcarerehab.com/,high,The center focuses on cognitive and occupational therapy for recovery from neurological conditions and supports post-stroke rehabilitation.
118,Pune,Total Surgicare,http://totalsurgicare.com/,high,The business provides 24/7 post-operative care and recovery services.
